"","week.day","hour","Leeds.trains","Leeds.av.delay","Sheffield.trains","Sheffield.av.delay","Nottingham.trains","Nottingham.av.delay","arrival.to","arrival.time","arrival.schedule","delay.secs","train_code"
"1","Wednesday",7,34,0,20,0,11,0,"NTNG",NA,"07:58:00",NA,"1Y05"
"11","Wednesday",9,44,0,23,1,13,0,"NTNG",NA,"09:58:00",NA,"1Y13"
"12","Wednesday",11,37,0.5,22,1,14,0,"NTNG",NA,"11:58:00",NA,"1Y21"
"13","Wednesday",19,38,6.5,23,3.5,12,0,"NTNG",NA,"19:58:00",NA,"1Y53"
"14","Thursday",13,40,0,24,0,14,0,"NTNG",NA,"13:58:00",NA,"1Y29"
"15","Thursday",17,43,0.5,21,0,15,0,"NTNG",NA,"17:58:00",NA,"1Y45"
"16","Thursday",20,41,1,20,0,11,0,"NTNG",NA,"20:58:00",NA,"1Y57"
"17","Friday",10,42,0,24,0,14,0,"NTNG",NA,"10:58:00",NA,"1Y17"
"18","Sunday",13,26,0,16,2,5,1,"NTNG",NA,"13:58:00",NA,"1Y29"
"19","Sunday",17,26,0,17,0,9,0,"NTNG",NA,"17:58:00",NA,"1Y45"
"110","Monday",17,44,0,22,1,15,0,"NTNG",NA,"17:58:00",NA,"1Y45"
"111","Monday",20,39,1,19,0,10,0,"NTNG",NA,"20:58:00",NA,"1Y57"
"112","Tuesday",13,41,0,24,0,14,0,"NTNG",NA,"13:58:00",NA,"1Y29"
"113","Tuesday",15,36,0.5,24,0,14,0,"NTNG",NA,"15:58:00",NA,"1Y37"
"114","Wednesday",16,38,0,21,0,14,0,"NTNG",NA,"16:58:00",NA,"1Y41"
"115","Wednesday",18,44,0,22,0,14,0,"NTNG",NA,"18:58:00",NA,"1Y49"
"116","Thursday",11,40,1.5,21,0,14,0,"NTNG",NA,"11:58:00",NA,"1Y21"
"117","Thursday",12,41,0,22,0.25,13,0,"NTNG",NA,"12:58:00",NA,"1Y25"
"118","Thursday",16,39,0.5,20,0.75,14,0,"NTNG",NA,"16:58:00",NA,"1Y41"
"119","Friday",8,40,0,18,0,13,0,"NTNG",NA,"08:58:00",NA,"1Y09"
"120","Friday",13,40,0,24,0.5,14,0,"NTNG",NA,"13:58:00",NA,"1Y29"
"121","Friday",14,40,0.25,22,0.75,13,0,"NTNG",NA,"14:58:00",NA,"1Y33"
"122","Sunday",11,25,0,8,0,4,1,"NTNG",NA,"11:58:00",NA,"1Y21"
"123","Sunday",15,26,0,15,0,7,0,"NTNG",NA,"15:58:00",NA,"1Y37"
"124","Monday",12,36,0.25,23,0,14,0,"NTNG",NA,"12:58:00",NA,"1Y25"
"125","Monday",17,46,0,23,0,15,0,"NTNG",NA,"17:58:00",NA,"1Y45"
"126","Tuesday",10,40,0,23,0,14,0,"NTNG",NA,"10:58:00",NA,"1Y17"
"127","Tuesday",13,41,0,23,0,14,0,"NTNG",NA,"13:58:00",NA,"1Y29"
"128","Tuesday",19,40,0.5,22,0,14,0,"NTNG",NA,"19:58:00",NA,"1Y53"
"129","Wednesday",15,38,0,24,0,14,0,"NTNG",NA,"15:58:00",NA,"1Y37"
"130","Wednesday",20,36,0,20,0.25,11,0,"NTNG",NA,"20:58:00",NA,"1Y57"
"131","Thursday",7,32,0,17,0,11,0,"NTNG",NA,"07:58:00",NA,"1Y05"
"132","Thursday",10,42,0,25,0,14,0,"NTNG",NA,"10:58:00",NA,"1Y17"
"133","Thursday",11,38,0.5,21,0,13,0,"NTNG",NA,"11:58:00",NA,"1Y21"
"134","Friday",13,40,0,24,0,14,0,"NTNG",NA,"13:58:00",NA,"1Y29"
"135","Friday",18,46,0,21,1,12,0.25,"NTNG",NA,"18:58:00",NA,"1Y49"
"136","Saturday",9,42,0,24,0,13,0,"NTNG",NA,"09:58:00",NA,"1Y13"
"137","Saturday",14,38,0,22,2,14,0,"NTNG",NA,"14:58:00",NA,"1Y33"
"138","Saturday",18,40,0,25,0,12,0,"NTNG",NA,"18:58:00",NA,"1Y49"
"139","Monday",15,40,2.25,20,0.75,14,0,"NTNG",NA,"15:58:00",NA,"1Y37"
"140","Tuesday",10,40,0,22,0,14,0.25,"NTNG",NA,"10:58:00",NA,"1Y17"
"141","Wednesday",11,39,0,21,0,13,0,"NTNG",NA,"11:58:00",NA,"1Y21"
"142","Wednesday",14,36,0,22,0,14,0,"NTNG",NA,"14:58:00",NA,"1Y33"
"143","Friday",13,39,0,28,0,14,0,"NTNG",NA,"13:58:00",NA,"1Y29"
"144","Friday",15,41,0.5,21,0,14,0,"NTNG",NA,"15:58:00",NA,"1Y37"
"145","Friday",18,42,0.5,24,0.25,14,0,"NTNG",NA,"18:58:00",NA,"1Y49"
"146","Friday",20,37,1.5,21,0,11,0,"NTNG",NA,"20:58:00",NA,"1Y57"
"147","Saturday",8,37,0,20,0,11,0,"NTNG",NA,"08:58:00",NA,"1Y09"
"148","Saturday",11,38,0,22,1.25,13,0,"NTNG",NA,"11:58:00",NA,"1Y21"
"149","Monday",8,39,0,21,0,13,0,"NTNG",NA,"08:58:00",NA,"1Y09"
"150","Monday",13,41,0,23,0,14,0,"NTNG",NA,"13:58:00",NA,"1Y29"
"151","Monday",17,46,0,24,0,15,0,"NTNG",NA,"17:58:00",NA,"1Y45"
"152","Tuesday",8,36,0.25,21,0,11,0,"NTNG",NA,"08:58:00",NA,"1Y09"
"153","Tuesday",12,41,0,23,0,12,0,"NTNG",NA,"12:58:00",NA,"1Y25"
"154","Tuesday",15,37,0,23,0.5,13,0,"NTNG",NA,"15:58:00",NA,"1Y37"
"155","Tuesday",18,45,0,25,0,14,0,"NTNG",NA,"18:58:00",NA,"1Y49"
"156","Tuesday",19,43,0,22,1.75,13,0,"NTNG",NA,"19:58:00",NA,"1Y53"
"157","Wednesday",11,39,0,22,0,14,0,"NTNG",NA,"11:58:00",NA,"1Y21"
"158","Wednesday",13,40,0,24,0,14,0,"NTNG",NA,"13:58:00",NA,"1Y29"
"159","Wednesday",17,46,0,24,0,15,0,"NTNG",NA,"17:58:00",NA,"1Y45"
"160","Wednesday",19,41,1,26,1,14,0,"NTNG",NA,"19:58:00",NA,"1Y53"
"161","Thursday",10,35,0,23,0,14,0,"NTNG",NA,"10:58:00",NA,"1Y17"
"162","Thursday",13,39,0,23,0,14,0,"NTNG",NA,"13:58:00",NA,"1Y29"
"163","Thursday",18,42,0,23,0,15,0,"NTNG",NA,"18:58:00",NA,"1Y49"
"164","Friday",19,41,0,20,0.5,12,0,"NTNG",NA,"19:58:00",NA,"1Y53"
"165","Friday",20,33,1,26,1.5,11,0,"NTNG",NA,"20:58:00",NA,"1Y57"
"166","Saturday",8,36,0,19,0,11,0,"NTNG",NA,"08:58:00",NA,"1Y09"
"167","Saturday",16,38,1.5,23,0.5,11,0,"NTNG",NA,"16:58:00",NA,"1Y41"
"168","Monday",15,38,0,24,1.5,14,0,"NTNG",NA,"15:58:00",NA,"1Y37"
"169","Monday",16,37,0,23,1.5,14,0,"NTNG",NA,"16:58:00",NA,"1Y41"
"170","Monday",19,42,0.25,23,1.5,14,0,"NTNG",NA,"19:58:00",NA,"1Y53"
"171","Tuesday",11,42,0.25,19,0,14,0,"NTNG",NA,"11:58:00",NA,"1Y21"
"172","Tuesday",14,40,0,22,0,14,0,"NTNG",NA,"14:58:00",NA,"1Y33"
"173","Wednesday",14,36,0.5,21,0.5,14,0,"NTNG",NA,"14:58:00",NA,"1Y33"
"174","Wednesday",18,48,0,22,0.25,14,0,"NTNG",NA,"18:58:00",NA,"1Y49"
"175","Friday",9,40,0,22,0.5,14,0,"NTNG",NA,"09:58:00",NA,"1Y13"
"176","Saturday",15,38,0,26,6.75,14,0,"NTNG",NA,"15:58:00",NA,"1Y37"
"177","Sunday",10,22,0,6,0,6,0,"NTNG",NA,"10:58:00",NA,"1Y17"
"178","Sunday",12,23,0,9,0,6,0,"NTNG",NA,"12:58:00",NA,"1Y25"
"179","Sunday",18,27,0,12,0,7,0,"NTNG",NA,"18:58:00",NA,"1Y49"
"180","Monday",12,42,1,23,1,14,0,"NTNG",NA,"12:58:00",NA,"1Y25"
"181","Monday",13,39,0,22,0,14,0,"NTNG",NA,"13:58:00",NA,"1Y29"
"182","Monday",19,42,0.75,23,0,13,0,"NTNG",NA,"19:58:00",NA,"1Y53"
"183","Monday",20,39,0,19,3.5,11,1,"NTNG",NA,"20:58:00",NA,"1Y57"
"184","Tuesday",10,38,0,24,0,14,0,"NTNG",NA,"10:58:00",NA,"1Y17"
"185","Wednesday",13,40,0,25,1,14,0,"NTNG",NA,"13:58:00",NA,"1Y29"
"186","Wednesday",15,34,0,25,0.5,14,0,"NTNG",NA,"15:58:00",NA,"1Y37"
"187","Thursday",15,36,0,23,0,13,0,"NTNG",NA,"15:58:00",NA,"1Y37"
"188","Thursday",20,39,0,24,3,9,0,"NTNG",NA,"20:58:00",NA,"1Y57"
"189","Friday",12,37,0,20,0,14,0,"NTNG",NA,"12:58:00",NA,"1Y25"
"190","Friday",13,42,0,22,0.25,14,0,"NTNG",NA,"13:58:00",NA,"1Y29"
"191","Sunday",14,23,0,14,0,8,0,"NTNG",NA,"14:58:00",NA,"1Y33"
"192","Sunday",15,26,0,13,0,6,0,"NTNG",NA,"15:58:00",NA,"1Y37"
"193","Monday",11,41,0,22,0,14,0,"NTNG",NA,"11:58:00",NA,"1Y21"
"194","Monday",13,39,0.5,25,2,14,0,"NTNG",NA,"13:58:00",NA,"1Y29"
"195","Monday",14,40,0,24,0,14,0,"NTNG",NA,"14:58:00",NA,"1Y33"
"196","Tuesday",7,30,0,18,0,11,0,"NTNG",NA,"07:58:00",NA,"1Y05"
"197","Tuesday",9,42,0,19,0,12,0,"NTNG",NA,"09:58:00",NA,"1Y13"
"198","Tuesday",17,42,0.5,22,0,15,0,"NTNG",NA,"17:58:00",NA,"1Y45"
"199","Wednesday",18,43,0,22,0.25,14,0,"NTNG",NA,"18:58:00",NA,"1Y49"
"1100","Thursday",7,31,0,19,0,11,0,"NTNG",NA,"07:58:00",NA,"1Y05"
"1101","Thursday",8,40,0,18,0,14,0,"NTNG",NA,"08:58:00",NA,"1Y09"
"1102","Thursday",15,39,0,23,1.5,14,0,"NTNG",NA,"15:58:00",NA,"1Y37"
"1103","Thursday",17,45,0,22,0,15,0,"NTNG",NA,"17:58:00",NA,"1Y45"
"1104","Saturday",9,40,0,23,0,13,0,"NTNG",NA,"09:58:00",NA,"1Y13"
"1105","Saturday",11,42,0,20,0,13,0,"NTNG",NA,"11:58:00",NA,"1Y21"
"1106","Sunday",13,21,0,13,0,5,0,"NTNG",NA,"13:58:00",NA,"1Y29"
"1107","Sunday",14,23,0.5,15,0,8,0,"NTNG",NA,"14:58:00",NA,"1Y33"
"1108","Sunday",15,26,0,15,0,7,0,"NTNG",NA,"15:58:00",NA,"1Y37"
"1109","Tuesday",8,37,0,19,0,14,0,"NTNG",NA,"08:58:00",NA,"1Y09"
"1110","Tuesday",14,36,0,24,1,13,0,"NTNG",NA,"14:58:00",NA,"1Y33"
"1111","Tuesday",19,42,1,25,0,13,0,"NTNG",NA,"19:58:00",NA,"1Y53"
"1112","Wednesday",9,43,0.5,21,0.5,13,0,"NTNG",NA,"09:58:00",NA,"1Y13"
"1113","Wednesday",10,39,0,22,0,14,0,"NTNG",NA,"10:58:00",NA,"1Y17"
"1114","Wednesday",11,40,1,22,1.25,14,0,"NTNG",NA,"11:58:00",NA,"1Y21"
"1115","Thursday",10,41,0,22,1.5,14,0,"NTNG",NA,"10:58:00",NA,"1Y17"
"1116","Thursday",18,49,0.5,23,0,14,0,"NTNG",NA,"18:58:00",NA,"1Y49"
"1117","Friday",11,38,0,23,0.5,14,0,"NTNG",NA,"11:58:00",NA,"1Y21"
"1118","Friday",17,44,1.5,23,0,15,0,"NTNG",NA,"17:58:00",NA,"1Y45"
"1119","Saturday",11,37,0,23,0,13,0,"NTNG",NA,"11:58:00",NA,"1Y21"
"1120","Saturday",12,35,0.5,22,0,13,0,"NTNG",NA,"12:58:00",NA,"1Y25"
"1121","Saturday",13,39,0,26,0,13,0,"NTNG",NA,"13:58:00",NA,"1Y29"
"1122","Saturday",16,36,0.5,20,0,12,0,"NTNG",NA,"16:58:00",NA,"1Y41"
"1123","Monday",11,39,0,23,0,14,0,"NTNG",NA,"11:58:00",NA,"1Y21"
"1124","Monday",13,39,0,23,0,14,0,"NTNG",NA,"13:58:00",NA,"1Y29"
"1125","Monday",20,39,0,22,0.5,10,0,"NTNG",NA,"20:58:00",NA,"1Y57"
"1126","Tuesday",7,32,0,16,0,11,0,"NTNG",NA,"07:58:00",NA,"1Y05"
"1127","Tuesday",8,40,0,23,0,13,0,"NTNG",NA,"08:58:00",NA,"1Y09"
"1128","Tuesday",15,39,0,21,0,14,0,"NTNG",NA,"15:58:00",NA,"1Y37"
"1129","Wednesday",11,41,0.5,23,0,14,0,"NTNG",NA,"11:58:00",NA,"1Y21"
"1130","Wednesday",13,41,0,22,0,14,0,"NTNG",NA,"13:58:00",NA,"1Y29"
"1131","Wednesday",18,45,0,24,0,14,0,"NTNG",NA,"18:58:00",NA,"1Y49"
"1132","Thursday",10,41,0,20,0,14,0,"NTNG",NA,"10:58:00",NA,"1Y17"
"1133","Thursday",13,40,0,26,0,14,0,"NTNG",NA,"13:58:00",NA,"1Y29"
"1134","Thursday",15,37,0,23,0.5,14,0,"NTNG",NA,"15:58:00",NA,"1Y37"
"1135","Friday",7,31,0,18,0,11,0,"NTNG",NA,"07:58:00",NA,"1Y05"
"1136","Friday",9,44,0.25,23,0,13,0,"NTNG",NA,"09:58:00",NA,"1Y13"
"1137","Friday",12,40,0,23,0,14,0,"NTNG",NA,"12:58:00",NA,"1Y25"
"1138","Friday",20,36,0.75,20,0,10,0,"NTNG",NA,"20:58:00",NA,"1Y57"
"1139","Saturday",16,34,0,22,0,13,0,"NTNG",NA,"16:58:00",NA,"1Y41"
"1140","Saturday",18,38,0,24,0,13,0,"NTNG",NA,"18:58:00",NA,"1Y49"
"1141","Sunday",11,25,0,12,0,3,0,"NTNG",NA,"11:58:00",NA,"1Y21"
"1142","Sunday",13,24,0.25,15,0,4,0.25,"NTNG",NA,"13:58:00",NA,"1Y29"
"1143","Sunday",15,25,0,17,0,7,0,"NTNG",NA,"15:58:00",NA,"1Y37"
"1144","Sunday",18,25,0,19,0,5,0,"NTNG",NA,"18:58:00",NA,"1Y49"
"1145","Sunday",20,25,0,18,0,6,0,"NTNG",NA,"20:58:00",NA,"1Y57"
"1146","Monday",8,41,0.5,21,0,13,0,"NTNG",NA,"08:58:00",NA,"1Y09"
"1147","Monday",9,42,0,23,0,13,0,"NTNG",NA,"09:58:00",NA,"1Y13"
"1148","Monday",13,44,0.5,20,1.25,14,0,"NTNG",NA,"13:58:00",NA,"1Y29"
"1149","Monday",16,38,0,20,0,14,0,"NTNG",NA,"16:58:00",NA,"1Y41"
"1150","Monday",17,42,0,24,2,15,0,"NTNG",NA,"17:58:00",NA,"1Y45"
"1151","Tuesday",7,31,0,19,0,11,0,"NTNG",NA,"07:58:00",NA,"1Y05"
"1152","Tuesday",8,39,0,21,0,14,0,"NTNG",NA,"08:58:00",NA,"1Y09"
"1153","Wednesday",7,33,0,17,0,11,0,"NTNG",NA,"07:58:00",NA,"1Y05"
"1154","Wednesday",8,37,0,21,0,14,0,"NTNG",NA,"08:58:00",NA,"1Y09"
"1155","Wednesday",9,43,0,24,0.25,11,0,"NTNG",NA,"09:58:00",NA,"1Y13"
"1156","Wednesday",13,42,0.5,23,0,14,0,"NTNG",NA,"13:58:00",NA,"1Y29"
"1157","Wednesday",17,42,0,22,0.5,15,0,"NTNG",NA,"17:58:00",NA,"1Y45"
"1158","Wednesday",19,43,0,22,0,14,0,"NTNG",NA,"19:58:00",NA,"1Y53"
"1159","Thursday",9,46,0.75,21,0,13,0,"NTNG",NA,"09:58:00",NA,"1Y13"
"1160","Thursday",12,38,0,23,1,14,0,"NTNG",NA,"12:58:00",NA,"1Y25"
"1161","Thursday",19,44,0.75,24,1.75,13,0,"NTNG",NA,"19:58:00",NA,"1Y53"
"1162","Thursday",20,41,0,20,0.25,11,0,"NTNG",NA,"20:58:00",NA,"1Y57"
"1163","Friday",7,31,0,18,0,11,0,"NTNG",NA,"07:58:00",NA,"1Y05"
"1164","Friday",8,39,0,19,0,13,0,"NTNG",NA,"08:58:00",NA,"1Y09"
"1165","Friday",9,43,0,23,0,13,0,"NTNG",NA,"09:58:00",NA,"1Y13"
"1166","Friday",16,37,0,22,0,14,0,"NTNG",NA,"16:58:00",NA,"1Y41"
"1167","Friday",19,44,1.5,29,2,12,0,"NTNG",NA,"19:58:00",NA,"1Y53"
"1168","Saturday",11,38,0,22,0,13,0,"NTNG",NA,"11:58:00",NA,"1Y21"
"1169","Saturday",20,34,0,21,0,11,0,"NTNG",NA,"20:58:00",NA,"1Y57"
"1170","Sunday",20,23,0,19,0,6,0,"NTNG",NA,"20:58:00",NA,"1Y57"
"1171","Monday",13,42,0.25,22,0.5,13,0,"NTNG",NA,"13:58:00",NA,"1Y29"
"1172","Monday",16,39,0.5,20,1.5,12,0,"NTNG",NA,"16:58:00",NA,"1Y41"
"1173","Monday",18,43,0,21,0,15,0,"NTNG",NA,"18:58:00",NA,"1Y49"
"1174","Tuesday",14,39,0,24,0,14,0,"NTNG",NA,"14:58:00",NA,"1Y33"
"1175","Wednesday",10,39,0,24,0,13,0,"NTNG",NA,"10:58:00",NA,"1Y17"
"1176","Wednesday",14,41,0,22,1.5,14,0,"NTNG",NA,"14:58:00",NA,"1Y33"
"1177","Thursday",10,37,0,24,0,12,0,"NTNG",NA,"10:58:00",NA,"1Y17"
"1178","Thursday",13,42,0,24,0,14,0,"NTNG",NA,"13:58:00",NA,"1Y29"
"1179","Thursday",16,40,0,23,0,14,0,"NTNG",NA,"16:58:00",NA,"1Y41"
"1180","Friday",19,44,0,23,1,14,0,"NTNG",NA,"19:58:00",NA,"1Y53"
"1181","Saturday",8,34,0,20,0,11,0,"NTNG",NA,"08:58:00",NA,"1Y09"
"1182","Saturday",9,38,0,24,0,12,0,"NTNG",NA,"09:58:00",NA,"1Y13"
"1183","Saturday",15,37,0,23,0.5,13,0,"NTNG",NA,"15:58:00",NA,"1Y37"
"1184","Sunday",10,23,0,8,0,5,0,"NTNG",NA,"10:58:00",NA,"1Y17"
"1185","Sunday",14,23,0,17,0,7,0,"NTNG",NA,"14:58:00",NA,"1Y33"
"1186","Sunday",15,27,0,17,0,7,0,"NTNG",NA,"15:58:00",NA,"1Y37"
"1187","Monday",18,44,0,23,0,13,0,"NTNG",NA,"18:58:00",NA,"1Y49"
"1188","Tuesday",9,42,0.25,21,3,13,0,"NTNG",NA,"09:58:00",NA,"1Y13"
"1189","Wednesday",11,39,0.5,22,1,14,0,"NTNG",NA,"11:58:00",NA,"1Y21"
"1190","Wednesday",13,40,0.5,24,1,14,0,"NTNG",NA,"13:58:00",NA,"1Y29"
"1191","Thursday",8,39,0.5,20,0,12,0,"NTNG",NA,"08:58:00",NA,"1Y09"
"1192","Thursday",13,43,2.5,27,2.5,14,0,"NTNG",NA,"13:58:00",NA,"1Y29"
"1193","Friday",9,41,1,24,0,13,0,"NTNG",NA,"09:58:00",NA,"1Y13"
"1194","Friday",12,38,0,21,1.5,14,0,"NTNG",NA,"12:58:00",NA,"1Y25"
"1195","Saturday",9,41,0,25,0.5,12,0,"NTNG",NA,"09:58:00",NA,"1Y13"
"1196","Sunday",13,25,0,15,1.5,5,0,"NTNG",NA,"13:58:00",NA,"1Y29"
"1197","Sunday",18,31,0,18,0,8,0,"NTNG",NA,"18:58:00",NA,"1Y49"
"1198","Monday",10,42,2.5,24,0,11,3,"NTNG",NA,"10:58:00",NA,"1Y17"
"1199","Monday",12,41,0.5,23,2,14,0,"NTNG",NA,"12:58:00",NA,"1Y25"
"1200","Monday",15,36,0,23,0,14,0,"NTNG",NA,"15:58:00",NA,"1Y37"
"1201","Monday",19,41,1.5,26,0.25,12,0,"NTNG",NA,"19:58:00",NA,"1Y53"
"1202","Wednesday",18,47,0,24,0,13,0,"NTNG",NA,"18:58:00",NA,"1Y49"
"1203","Thursday",17,43,0,20,0,15,0,"NTNG",NA,"17:58:00",NA,"1Y45"
"1204","Friday",7,30,0,16,0,11,0,"NTNG",NA,"07:58:00",NA,"1Y05"
"1205","Friday",18,44,0,23,1,14,0,"NTNG",NA,"18:58:00",NA,"1Y49"
"1206","Saturday",8,35,0,20,0,12,0,"NTNG",NA,"08:58:00",NA,"1Y09"
"1207","Saturday",14,36,0,23,0,13,0,"NTNG",NA,"14:58:00",NA,"1Y33"
"1208","Saturday",15,39,0,21,0,13,0,"NTNG",NA,"15:58:00",NA,"1Y37"
"1209","Saturday",16,33,0,22,0.5,13,0,"NTNG",NA,"16:58:00",NA,"1Y41"
"1210","Saturday",17,37,0,24,0,13,0,"NTNG",NA,"17:58:00",NA,"1Y45"
"1211","Sunday",14,24,0,16,0,7,0,"NTNG",NA,"14:58:00",NA,"1Y33"
"1212","Sunday",17,26,0,19,0,9,0,"NTNG",NA,"17:58:00",NA,"1Y45"
"1213","Monday",7,30,0,16,0,12,0.75,"NTNG",NA,"07:58:00",NA,"1Y05"
"1214","Monday",12,40,0,23,2,14,0,"NTNG",NA,"12:58:00",NA,"1Y25"
"1215","Monday",14,39,0.5,24,1.75,14,0,"NTNG",NA,"14:58:00",NA,"1Y33"
"1216","Monday",19,42,0.25,20,0,13,0,"NTNG",NA,"19:58:00",NA,"1Y53"
"1217","Tuesday",7,31,0,17,0,11,0,"NTNG",NA,"07:58:00",NA,"1Y05"
"1218","Tuesday",8,38,0,22,0,13,0,"NTNG",NA,"08:58:00",NA,"1Y09"
"1219","Tuesday",9,42,0.5,23,0,13,0,"NTNG",NA,"09:58:00",NA,"1Y13"
"1220","Tuesday",10,38,0,24,0,13,0,"NTNG",NA,"10:58:00",NA,"1Y17"
"1221","Wednesday",10,39,0,26,0,13,0,"NTNG",NA,"10:58:00",NA,"1Y17"
"1222","Thursday",9,43,1,22,1,13,0,"NTNG",NA,"09:58:00",NA,"1Y13"
"1223","Thursday",11,40,0,21,0,14,0,"NTNG",NA,"11:58:00",NA,"1Y21"
"1224","Thursday",13,38,0,25,0,14,0,"NTNG",NA,"13:58:00",NA,"1Y29"
"1225","Thursday",14,42,0,24,0,14,0,"NTNG",NA,"14:58:00",NA,"1Y33"
"1226","Thursday",15,37,0,21,0,14,0,"NTNG",NA,"15:58:00",NA,"1Y37"
"1227","Thursday",19,41,0,24,0,13,0,"NTNG",NA,"19:58:00",NA,"1Y53"
"1228","Thursday",20,37,1,22,0,11,0,"NTNG",NA,"20:58:00",NA,"1Y57"
"1229","Friday",8,41,0,21,0.5,13,0,"NTNG",NA,"08:58:00",NA,"1Y09"
"1230","Friday",9,41,0,19,0,13,0,"NTNG",NA,"09:58:00",NA,"1Y13"
"1231","Friday",15,37,0,19,3,12,0,"NTNG",NA,"15:58:00",NA,"1Y37"
"1232","Saturday",8,33,0,20,0,11,0,"NTNG",NA,"08:58:00",NA,"1Y09"
"1233","Saturday",18,31,0,23,0,12,0,"NTNG",NA,"18:58:00",NA,"1Y49"
"1234","Tuesday",7,29,0,19,0,11,0,"NTNG",NA,"07:58:00",NA,"1Y05"
"1235","Tuesday",10,41,0.5,23,0.5,14,0,"NTNG",NA,"10:58:00",NA,"1Y17"
"1236","Tuesday",13,42,0,26,0,14,0,"NTNG",NA,"13:58:00",NA,"1Y29"
"1237","Wednesday",9,44,0.5,20,0,13,0,"NTNG",NA,"09:58:00",NA,"1Y13"
"1238","Wednesday",18,44,0,24,0.25,14,0,"NTNG",NA,"18:58:00",NA,"1Y49"
"1239","Wednesday",19,41,0,24,1.25,14,0,"NTNG",NA,"19:58:00",NA,"1Y53"
"1240","Thursday",8,41,1,22,1,13,0,"NTNG",NA,"08:58:00",NA,"1Y09"
"1241","Thursday",12,39,0.5,22,0,11,0,"NTNG",NA,"12:58:00",NA,"1Y25"
"1242","Thursday",19,43,0.5,25,2,13,0,"NTNG",NA,"19:58:00",NA,"1Y53"
"1243","Thursday",20,39,1.5,25,1,11,0,"NTNG",NA,"20:58:00",NA,"1Y57"
"1244","Friday",10,40,0,25,0,14,0,"NTNG",NA,"10:58:00",NA,"1Y17"
"1245","Friday",12,41,0.5,23,0,14,0,"NTNG",NA,"12:58:00",NA,"1Y25"
"1246","Saturday",14,32,0.5,23,0,13,0,"NTNG",NA,"14:58:00",NA,"1Y33"
"1247","Saturday",15,31,0.5,21,0,13,0,"NTNG",NA,"15:58:00",NA,"1Y37"
"1248","Saturday",16,32,0.5,24,0.25,11,0,"NTNG",NA,"16:58:00",NA,"1Y41"
"1249","Saturday",17,34,0,26,0,14,0,"NTNG",NA,"17:58:00",NA,"1Y45"
"1250","Saturday",20,31,1.5,22,0.75,11,0,"NTNG",NA,"20:58:00",NA,"1Y57"
"1251","Sunday",11,27,2,10,0,3,0,"NTNG",NA,"11:58:00",NA,"1Y21"
"1252","Sunday",13,21,0,15,0,5,0,"NTNG",NA,"13:58:00",NA,"1Y29"
"1253","Sunday",16,21,0,19,0,8,0,"NTNG",NA,"16:58:00",NA,"1Y41"
"1254","Sunday",17,23,0.5,18,0,10,0,"NTNG",NA,"17:58:00",NA,"1Y45"
"1255","Sunday",20,20,0,20,0.5,8,0,"NTNG",NA,"20:58:00",NA,"1Y57"
"1256","Monday",8,39,0.5,22,0,13,0,"NTNG",NA,"08:58:00",NA,"1Y09"
"1257","Monday",13,40,0,24,0,14,0,"NTNG",NA,"13:58:00",NA,"1Y29"
"1258","Monday",18,47,0,23,0,14,0.25,"NTNG",NA,"18:58:00",NA,"1Y49"
"1259","Tuesday",11,40,0.5,19,0,14,0,"NTNG",NA,"11:58:00",NA,"1Y21"
"1260","Tuesday",14,40,0,25,0,14,0,"NTNG",NA,"14:58:00",NA,"1Y33"
"1261","Tuesday",19,42,1.5,26,0,12,0,"NTNG",NA,"19:58:00",NA,"1Y53"
"1262","Tuesday",20,41,0,21,0.5,12,0,"NTNG",NA,"20:58:00",NA,"1Y57"
"1263","Wednesday",9,45,2.5,23,1.5,13,0,"NTNG",NA,"09:58:00",NA,"1Y13"
"1264","Wednesday",14,39,0,27,0,13,0,"NTNG",NA,"14:58:00",NA,"1Y33"
"1265","Wednesday",20,36,1,23,0,12,0,"NTNG",NA,"20:58:00",NA,"1Y57"
"1266","Thursday",8,38,0,20,0,14,0,"NTNG",NA,"08:58:00",NA,"1Y09"
"1267","Thursday",10,39,0,22,0.25,14,0,"NTNG",NA,"10:58:00",NA,"1Y17"
"1268","Thursday",17,43,0,21,1,15,0,"NTNG",NA,"17:58:00",NA,"1Y45"
"1269","Thursday",20,37,1,21,3,11,0,"NTNG",NA,"20:58:00",NA,"1Y57"
"1270","Friday",7,31,0,17,0,11,0,"NTNG",NA,"07:58:00",NA,"1Y05"
"1271","Friday",13,40,0,24,0,14,0,"NTNG",NA,"13:58:00",NA,"1Y29"
"1272","Friday",16,38,0,21,0.5,14,0,"NTNG",NA,"16:58:00",NA,"1Y41"
"1273","Friday",18,44,0.5,23,3.5,14,0,"NTNG",NA,"18:58:00",NA,"1Y49"
"1274","Friday",19,41,1.5,24,2.5,12,0,"NTNG",NA,"19:58:00",NA,"1Y53"
"1275","Saturday",9,40,0,25,0,12,0,"NTNG",NA,"09:58:00",NA,"1Y13"
"1276","Saturday",20,32,1,20,2.5,10,0,"NTNG",NA,"20:58:00",NA,"1Y57"
"1277","Sunday",11,22,0.5,10,0,3,0,"NTNG",NA,"11:58:00",NA,"1Y21"
"1278","Sunday",14,21,0.5,18,0,7,0,"NTNG",NA,"14:58:00",NA,"1Y33"
"1279","Tuesday",8,38,0.5,21,1,12,1.75,"NTNG",NA,"08:58:00",NA,"1Y09"
"1280","Tuesday",10,42,0.25,21,2,16,3,"NTNG",NA,"10:58:00",NA,"1Y17"
"1281","Tuesday",14,39,0.5,22,0.5,14,0,"NTNG",NA,"14:58:00",NA,"1Y33"
"1282","Thursday",10,41,0,23,0,13,0,"NTNG",NA,"10:58:00",NA,"1Y17"
"1283","Thursday",20,39,1.5,23,2,10,0,"NTNG",NA,"20:58:00",NA,"1Y57"
"1284","Friday",13,39,0.5,25,2,14,0,"NTNG",NA,"13:58:00",NA,"1Y29"
"1285","Friday",16,39,0.5,21,1,14,0.25,"NTNG",NA,"16:58:00",NA,"1Y41"
"1286","Friday",17,36,0.5,19,1.5,15,0,"NTNG",NA,"17:58:00",NA,"1Y45"
"1287","Friday",18,46,1.5,25,2,13,0,"NTNG",NA,"18:58:00",NA,"1Y49"
"1288","Sunday",14,20,1.25,16,0,9,0,"NTNG",NA,"14:58:00",NA,"1Y33"
"1289","Sunday",20,17,3.5,19,0,7,0,"NTNG",NA,"20:58:00",NA,"1Y57"
"1290","Monday",7,33,0,17,0,12,0,"NTNG",NA,"07:58:00",NA,"1Y05"
"1291","Monday",11,44,1,23,1.5,14,0,"NTNG",NA,"11:58:00",NA,"1Y21"
"1292","Tuesday",7,32,0,16,0,11,0,"NTNG",NA,"07:58:00",NA,"1Y05"
"1293","Tuesday",10,39,0,25,1.5,14,0.5,"NTNG",NA,"10:58:00",NA,"1Y17"
"1294","Tuesday",12,38,0.5,22,0,14,0,"NTNG",NA,"12:58:00",NA,"1Y25"
"1295","Wednesday",10,41,0,26,1.5,15,0,"NTNG",NA,"10:58:00",NA,"1Y17"
"1296","Wednesday",12,39,0,22,1.5,14,0,"NTNG",NA,"12:58:00",NA,"1Y25"
"1297","Thursday",18,45,2.5,23,5,13,0,"NTNG",NA,"18:58:00",NA,"1Y49"
"1298","Friday",8,37,1,23,0.5,13,0,"NTNG",NA,"08:58:00",NA,"1Y09"
"1299","Friday",10,42,1.25,24,0,12,0,"NTNG",NA,"10:58:00",NA,"1Y17"
"1300","Friday",14,39,1,19,2.5,14,5.25,"NTNG",NA,"14:58:00",NA,"1Y33"
"1301","Friday",19,40,3.5,20,6.25,12,1,"NTNG",NA,"19:58:00",NA,"1Y53"
"1302","Friday",20,43,7.5,22,7.25,10,0.5,"NTNG",NA,"20:58:00",NA,"1Y57"
"1303","Saturday",16,31,3.5,24,2.25,13,0,"NTNG",NA,"16:58:00",NA,"1Y41"
"1304","Sunday",15,24,0,17,0,7,0,"NTNG",NA,"15:58:00",NA,"1Y37"
"1305","Sunday",17,23,0,15,0,10,0,"NTNG",NA,"17:58:00",NA,"1Y45"
"1306","Monday",7,31,0,17,0,11,0,"NTNG",NA,"07:58:00",NA,"1Y05"
"1307","Monday",10,46,1.75,22,1.25,14,0,"NTNG",NA,"10:58:00",NA,"1Y17"
"1308","Monday",11,38,0.5,21,4.5,14,1.25,"NTNG",NA,"11:58:00",NA,"1Y21"
"1309","Monday",14,39,1.5,23,4,14,1.25,"NTNG",NA,"14:58:00",NA,"1Y33"
"1310","Tuesday",10,39,1.5,20,0.25,13,0,"NTNG",NA,"10:58:00",NA,"1Y17"
"1311","Tuesday",15,40,1.5,25,0.5,14,0,"NTNG",NA,"15:58:00",NA,"1Y37"
"1312","Wednesday",7,31,0,18,0,11,0,"NTNG",NA,"07:58:00",NA,"1Y05"
"1313","Wednesday",15,37,0,22,4,14,0,"NTNG",NA,"15:58:00",NA,"1Y37"
"1314","Thursday",10,42,2,25,1.5,14,0,"NTNG",NA,"10:58:00",NA,"1Y17"
"1315","Thursday",11,41,0,23,2,14,0,"NTNG",NA,"11:58:00",NA,"1Y21"
"1316","Friday",11,35,1.5,20,2.5,15,1,"NTNG",NA,"11:58:00",NA,"1Y21"
"1317","Monday",10,34,3.25,22,0,14,0,"NTNG",NA,"10:58:00",NA,"1Y17"
"1318","Monday",16,35,2,23,1.5,14,0,"NTNG",NA,"16:58:00",NA,"1Y41"
"1319","Monday",19,40,3.5,25,2.5,11,0,"NTNG",NA,"19:58:00",NA,"1Y53"
"1320","Tuesday",7,30,0,16,0,11,0,"NTNG",NA,"07:58:00",NA,"1Y05"
"1321","Tuesday",10,40,1.25,24,0.5,12,0,"NTNG",NA,"10:58:00",NA,"1Y17"
"1322","Tuesday",11,37,0.5,20,0,13,0,"NTNG",NA,"11:58:00",NA,"1Y21"
"1323","Tuesday",14,40,0.5,23,1.5,14,0,"NTNG",NA,"14:58:00",NA,"1Y33"
"1324","Wednesday",9,44,3.5,22,4.5,13,2,"NTNG",NA,"09:58:00",NA,"1Y13"
"1325","Thursday",13,37,1,22,1.25,14,0,"NTNG",NA,"13:58:00",NA,"1Y29"
"1326","Thursday",15,41,1,24,0.25,14,0,"NTNG",NA,"15:58:00",NA,"1Y37"
"1327","Thursday",18,40,1.5,23,1,13,0,"NTNG",NA,"18:58:00",NA,"1Y49"
"1328","Friday",7,30,0,17,0,11,0,"NTNG",NA,"07:58:00",NA,"1Y05"
"1329","Friday",17,46,0.75,21,1.5,15,0,"NTNG",NA,"17:58:00",NA,"1Y45"
"1330","Friday",20,40,5.75,24,3.75,11,0,"NTNG",NA,"20:58:00",NA,"1Y57"
"1331","Saturday",10,39,0.5,25,0.5,13,0.5,"NTNG",NA,"10:58:00",NA,"1Y17"
"1332","Saturday",16,33,1,21,0,13,0,"NTNG",NA,"16:58:00",NA,"1Y41"
"1333","Saturday",17,41,0.5,25,1,13,0,"NTNG",NA,"17:58:00",NA,"1Y45"
"1334","Saturday",19,39,1.5,26,1.5,11,0,"NTNG",NA,"19:58:00",NA,"1Y53"
"1335","Sunday",12,19,0,12,0.5,5,0,"NTNG",NA,"12:58:00",NA,"1Y25"
"1336","Sunday",16,16,0,21,1.5,8,0.5,"NTNG",NA,"16:58:00",NA,"1Y41"
"1337","Monday",8,37,1,22,0.5,13,0,"NTNG",NA,"08:58:00",NA,"1Y09"
"1338","Monday",16,36,0,22,0,14,0,"NTNG",NA,"16:58:00",NA,"1Y41"
"1339","Monday",19,46,2.75,26,2,14,0,"NTNG",NA,"19:58:00",NA,"1Y53"
"1340","Tuesday",10,42,0.75,24,1.5,14,0.25,"NTNG",NA,"10:58:00",NA,"1Y17"
"1341","Tuesday",13,40,0,27,0.5,14,0,"NTNG",NA,"13:58:00",NA,"1Y29"
"1342","Tuesday",15,37,0,24,1.25,14,0,"NTNG",NA,"15:58:00",NA,"1Y37"
"1343","Tuesday",17,41,0,22,1.5,14,0,"NTNG",NA,"17:58:00",NA,"1Y45"
"1344","Tuesday",19,40,1,24,1.75,14,0.5,"NTNG",NA,"19:58:00",NA,"1Y53"
"1345","Wednesday",8,39,0,19,1,13,0,"NTNG",NA,"08:58:00",NA,"1Y09"
"1346","Wednesday",9,39,1,20,1,13,1,"NTNG",NA,"09:58:00",NA,"1Y13"
"1347","Wednesday",11,39,1,23,2,14,0,"NTNG",NA,"11:58:00",NA,"1Y21"
"1348","Wednesday",16,36,0,22,0,14,0,"NTNG",NA,"16:58:00",NA,"1Y41"
"1349","Wednesday",17,44,0,22,0,15,0,"NTNG",NA,"17:58:00",NA,"1Y45"
"1350","Wednesday",18,41,0,24,0,14,0,"NTNG",NA,"18:58:00",NA,"1Y49"
"1351","Wednesday",19,43,1,22,1.5,13,0,"NTNG",NA,"19:58:00",NA,"1Y53"
"1352","Thursday",15,39,0,21,0.5,14,0,"NTNG",NA,"15:58:00",NA,"1Y37"
"1353","Thursday",17,40,0,23,2,15,0,"NTNG",NA,"17:58:00",NA,"1Y45"
"1354","Thursday",20,39,1,22,3,11,0,"NTNG",NA,"20:58:00",NA,"1Y57"
"1355","Friday",13,40,0.25,28,1.25,14,0,"NTNG",NA,"13:58:00",NA,"1Y29"
"1356","Saturday",9,39,0,24,0,10,0.25,"NTNG",NA,"09:58:00",NA,"1Y13"
"1357","Saturday",12,36,0.5,20,0,12,0,"NTNG",NA,"12:58:00",NA,"1Y25"
"1358","Saturday",13,38,1.25,24,1,11,0,"NTNG",NA,"13:58:00",NA,"1Y29"
"1359","Saturday",17,37,2,21,2.5,11,0,"NTNG",NA,"17:58:00",NA,"1Y45"
"1360","Sunday",14,23,0,17,0,7,0,"NTNG",NA,"14:58:00",NA,"1Y33"
"1361","Monday",17,45,1.5,24,1,14,0,"NTNG",NA,"17:58:00",NA,"1Y45"
"1362","Monday",19,43,1.5,24,2.5,13,0,"NTNG",NA,"19:58:00",NA,"1Y53"
"1363","Monday",20,38,1,24,5,11,0,"NTNG",NA,"20:58:00",NA,"1Y57"
"1364","Tuesday",8,36,0.25,21,1,13,0,"NTNG",NA,"08:58:00",NA,"1Y09"
"1365","Tuesday",11,40,0,18,0.25,14,0,"NTNG",NA,"11:58:00",NA,"1Y21"
"1366","Tuesday",13,43,0,24,0,14,0,"NTNG",NA,"13:58:00",NA,"1Y29"
"1367","Tuesday",14,36,0,23,0,14,0,"NTNG",NA,"14:58:00",NA,"1Y33"
"1368","Tuesday",17,45,1,21,0,15,0,"NTNG",NA,"17:58:00",NA,"1Y45"
"1369","Wednesday",8,39,0,22,1,12,0,"NTNG",NA,"08:58:00",NA,"1Y09"
"1370","Wednesday",9,44,1.5,21,1,14,0,"NTNG",NA,"09:58:00",NA,"1Y13"
"1371","Wednesday",12,41,0.5,22,1.25,14,0,"NTNG",NA,"12:58:00",NA,"1Y25"
"1372","Wednesday",13,40,0,25,1,14,0,"NTNG",NA,"13:58:00",NA,"1Y29"
"1373","Thursday",9,45,2,20,0,14,0.25,"NTNG",NA,"09:58:00",NA,"1Y13"
"1374","Thursday",10,40,0.25,23,0.5,11,0,"NTNG",NA,"10:58:00",NA,"1Y17"
"1375","Thursday",11,42,0.75,24,1.25,15,0,"NTNG",NA,"11:58:00",NA,"1Y21"
"1376","Thursday",14,42,1,24,0,14,0,"NTNG",NA,"14:58:00",NA,"1Y33"
"1377","Friday",7,33,0,18,0,12,0,"NTNG",NA,"07:58:00",NA,"1Y05"
"1378","Friday",13,40,0,25,1,14,0,"NTNG",NA,"13:58:00",NA,"1Y29"
"1379","Friday",16,37,0.5,19,0,16,0,"NTNG",NA,"16:58:00",NA,"1Y41"
"1380","Friday",19,40,5.25,24,0.5,14,0,"NTNG",NA,"19:58:00",NA,"1Y53"
"1381","Saturday",10,35,1.5,23,4.5,12,0.5,"NTNG",NA,"10:58:00",NA,"1Y17"
"1382","Saturday",15,36,1,20,0,13,0,"NTNG",NA,"15:58:00",NA,"1Y37"
"1383","Saturday",18,31,4,22,2.5,13,2.5,"NTNG",NA,"18:58:00",NA,"1Y49"
"1384","Sunday",10,20,0,9,0,5,0,"NTNG",NA,"10:58:00",NA,"1Y17"
"1385","Sunday",11,29,2,10,0,3,0,"NTNG",NA,"11:58:00",NA,"1Y21"
"1386","Sunday",13,24,0.5,14,0,5,0,"NTNG",NA,"13:58:00",NA,"1Y29"
"1387","Sunday",18,26,0,16,0,8,0,"NTNG",NA,"18:58:00",NA,"1Y49"
"1388","Monday",8,40,1,21,1,12,0,"NTNG",NA,"08:58:00",NA,"1Y09"
"1389","Monday",16,37,0,20,0,14,0,"NTNG",NA,"16:58:00",NA,"1Y41"
"1390","Monday",18,45,3,22,1.5,14,0,"NTNG",NA,"18:58:00",NA,"1Y49"
"1391","Tuesday",7,34,0,16,0,11,0,"NTNG",NA,"07:58:00",NA,"1Y05"
"1392","Tuesday",9,43,1.5,21,0.5,13,1,"NTNG",NA,"09:58:00",NA,"1Y13"
"1393","Tuesday",10,41,0,24,1,13,0,"NTNG",NA,"10:58:00",NA,"1Y17"
"1394","Tuesday",11,37,0,21,1.5,14,0,"NTNG",NA,"11:58:00",NA,"1Y21"
"1395","Tuesday",12,40,0,19,1,13,0,"NTNG",NA,"12:58:00",NA,"1Y25"
"1396","Tuesday",18,45,1,24,1,13,0,"NTNG",NA,"18:58:00",NA,"1Y49"
"1397","Wednesday",20,40,2,22,1.5,10,0.25,"NTNG",NA,"20:58:00",NA,"1Y57"
"1398","Friday",11,40,1,21,0.5,13,0,"NTNG",NA,"11:58:00",NA,"1Y21"
"1399","Friday",18,45,2,23,0.5,13,0,"NTNG",NA,"18:58:00",NA,"1Y49"
"1400","Saturday",8,31,0,20,0,12,0,"NTNG",NA,"08:58:00",NA,"1Y09"
"1401","Saturday",12,35,0,21,0.5,13,0,"NTNG",NA,"12:58:00",NA,"1Y25"
"1402","Saturday",14,35,0,24,1.5,12,0.25,"NTNG",NA,"14:58:00",NA,"1Y33"
"1403","Saturday",16,33,0.5,23,0,13,0,"NTNG",NA,"16:58:00",NA,"1Y41"
"1404","Saturday",18,30,2.5,20,1,13,0.5,"NTNG",NA,"18:58:00",NA,"1Y49"
"1405","Saturday",19,28,2.75,22,2.5,11,1.5,"NTNG",NA,"19:58:00",NA,"1Y53"
"1406","Saturday",20,28,6.25,20,1.25,11,1,"NTNG",NA,"20:58:00",NA,"1Y57"
"1407","Sunday",11,21,0,12,0,3,0,"NTNG",NA,"11:58:00",NA,"1Y21"
"1408","Sunday",14,24,0,17,0,7,0,"NTNG",NA,"14:58:00",NA,"1Y33"
"1409","Sunday",20,24,0,20,0.5,7,0,"NTNG",NA,"20:58:00",NA,"1Y57"
"1410","Monday",7,32,0,17,0,11,0,"NTNG",NA,"07:58:00",NA,"1Y05"
"1411","Monday",12,39,0.5,23,1,14,0,"NTNG",NA,"12:58:00",NA,"1Y25"
"1412","Monday",15,39,0,25,0,14,0,"NTNG",NA,"15:58:00",NA,"1Y37"
"1413","Monday",19,43,0.5,26,0,13,0,"NTNG",NA,"19:58:00",NA,"1Y53"
"1414","Tuesday",9,42,1,20,0.5,13,0,"NTNG",NA,"09:58:00",NA,"1Y13"
"1415","Tuesday",16,39,0,21,0,14,0,"NTNG",NA,"16:58:00",NA,"1Y41"
"1416","Tuesday",20,41,3,23,2,12,0,"NTNG",NA,"20:58:00",NA,"1Y57"
"1417","Wednesday",8,37,0.5,21,0.5,13,0,"NTNG",NA,"08:58:00",NA,"1Y09"
"1418","Wednesday",20,41,3,20,0.25,12,0,"NTNG",NA,"20:58:00",NA,"1Y57"
"1419","Thursday",19,41,1,25,5.5,14,0,"NTNG",NA,"19:58:00",NA,"1Y53"
"1420","Thursday",20,37,1,25,0,11,1,"NTNG",NA,"20:58:00",NA,"1Y57"
"1421","Friday",7,31,0,18,0,11,0,"NTNG",NA,"07:58:00",NA,"1Y05"
"1422","Friday",9,43,1.5,21,0.5,13,0,"NTNG",NA,"09:58:00",NA,"1Y13"
"1423","Saturday",8,35,0,22,0,12,0,"NTNG",NA,"08:58:00",NA,"1Y09"
"1424","Saturday",9,40,0,24,0,11,0,"NTNG",NA,"09:58:00",NA,"1Y13"
"1425","Saturday",10,34,0,25,0,13,0,"NTNG",NA,"10:58:00",NA,"1Y17"
"1426","Saturday",19,39,2,23,2.5,12,0,"NTNG",NA,"19:58:00",NA,"1Y53"
"1427","Sunday",12,24,0,13,0,7,0,"NTNG",NA,"12:58:00",NA,"1Y25"
"1428","Sunday",15,30,0,16,-0.5,7,0,"NTNG",NA,"15:58:00",NA,"1Y37"
"1429","Sunday",20,23,0,21,0,7,0,"NTNG",NA,"20:58:00",NA,"1Y57"
"1430","Monday",8,40,0,22,0,13,0,"NTNG",NA,"08:58:00",NA,"1Y09"
"1431","Monday",13,42,0,23,1.5,14,0,"NTNG",NA,"13:58:00",NA,"1Y29"
"1432","Monday",15,40,0.5,23,1,14,0,"NTNG",NA,"15:58:00",NA,"1Y37"
"1433","Monday",16,37,0,20,0,14,0,"NTNG",NA,"16:58:00",NA,"1Y41"
"1434","Monday",17,45,0.5,22,0,15,0,"NTNG",NA,"17:58:00",NA,"1Y45"
"1435","Tuesday",13,38,0,24,1.25,14,0,"NTNG",NA,"13:58:00",NA,"1Y29"
"1436","Tuesday",15,40,1.5,23,0,14,0,"NTNG",NA,"15:58:00",NA,"1Y37"
"1437","Tuesday",17,40,0,21,0.5,15,0,"NTNG",NA,"17:58:00",NA,"1Y45"
"1438","Tuesday",18,44,1,24,0.5,14,0,"NTNG",NA,"18:58:00",NA,"1Y49"
"1439","Wednesday",7,31,0,18,0,11,0,"NTNG",NA,"07:58:00",NA,"1Y05"
"1440","Wednesday",11,37,0,19,0,14,0,"NTNG",NA,"11:58:00",NA,"1Y21"
"1441","Wednesday",15,39,0.5,23,1,14,0,"NTNG",NA,"15:58:00",NA,"1Y37"
"1442","Thursday",9,42,0,22,0,13,0,"NTNG",NA,"09:58:00",NA,"1Y13"
"1443","Thursday",10,38,0,23,0,14,0,"NTNG",NA,"10:58:00",NA,"1Y17"
"1444","Thursday",13,37,0,22,0,14,0,"NTNG",NA,"13:58:00",NA,"1Y29"
"1445","Thursday",16,33,0,20,0,14,0,"NTNG",NA,"16:58:00",NA,"1Y41"
"1446","Thursday",18,44,0,18,0,13,0,"NTNG",NA,"18:58:00",NA,"1Y49"
"1447","Sunday",19,22,0.5,14,2.5,8,0,"NTNG",NA,"19:58:00",NA,"1G01"
"1448","Sunday",12,18,3.5,13,2,7,0,"NTNG",NA,"12:58:00",NA,"1Y25"
"1449","Sunday",15,22,2.25,14,0.75,5,0,"NTNG",NA,"15:58:00",NA,"1Y37"
"1450","Monday",16,31,2,22,0.5,14,0,"NTNG",NA,"16:58:00",NA,"1Y41"
"1451","Monday",17,32,1.5,23,0,16,0,"NTNG",NA,"17:58:00",NA,"1Y45"
"1452","Tuesday",8,35,0.5,22,0,14,0,"NTNG",NA,"08:58:00",NA,"1Y09"
"1453","Tuesday",15,40,0,26,1,13,0,"NTNG",NA,"15:58:00",NA,"1Y37"
"1454","Tuesday",16,38,0,18,0,13,0,"NTNG",NA,"16:58:00",NA,"1Y41"
"1455","Tuesday",17,39,0.5,24,1,16,0,"NTNG",NA,"17:58:00",NA,"1Y45"
"1456","Tuesday",18,45,0,21,0,14,0,"NTNG",NA,"18:58:00",NA,"1Y49"
"1457","Tuesday",19,40,0,27,1,13,0,"NTNG",NA,"19:58:00",NA,"1Y53"
"1458","Wednesday",9,40,0,25,0,14,0,"NTNG",NA,"09:58:00",NA,"1Y13"
"1459","Wednesday",12,38,0,22,1.75,14,0,"NTNG",NA,"12:58:00",NA,"1Y25"
"1460","Wednesday",16,37,0,21,0.5,13,0,"NTNG",NA,"16:58:00",NA,"1Y41"
"1461","Wednesday",18,44,1,22,0,14,0.5,"NTNG",NA,"18:58:00",NA,"1Y49"
"1462","Thursday",13,42,0,25,0,14,0,"NTNG",NA,"13:58:00",NA,"1Y29"
"1463","Thursday",15,37,0,21,0,13,0,"NTNG",NA,"15:58:00",NA,"1Y37"
"1464","Thursday",20,39,0.5,21,0,9,1,"NTNG",NA,"20:58:00",NA,"1Y57"
